{
    "Llama-3.1-8B-Instruct":{
        "3.25":{"4":0.6493835486788271, "2":0.3186202119172704, "1":0.015225381450150621, "0":0.01677085795375182},
        "3.2":{"4":0.6372628749460374, "2":0.30679410506949417, "1":0.03736029007686229, "0":0.01858272990760614},
        "2.8":{"4":0.4159028599860191, "2":0.567606203768951, "1":0.0011761525180214727, "0":0.01531478372700843},
        "2":{"4":0.03147904091387492, "2":0.9220782544469991, "1":0.02992732745050205, "0":0.0165153771886239}
    },
    "Qwen3-8B": {
        "3.2":{"4":0.77821570373085, "2":0.043125915099389345, "1":0.0008853548778213344, "0":0.17777302629193928},
        "2.8":{"4":0.6592316953361452, "2":0.08103033136185145, "1":0.001012555931715807, "0":0.2587254173702875},
        "2":{"4":0.1639392900580878, "2":0.6718194385381933, "1":0.0006039626912622935, "0":0.16363730871245666}
    }
}